Index,Patch,Oracle,Predicted value
0,correct/patch1-Chart-1-AVATAR.patch,correct,correct
1,correct/patch1-Chart-1-SequenceR.patch,correct,overfitting
2,correct/patch1-Chart-1-dev.patch,correct,overfitting
3,correct/patch1-Chart-10-dev.patch,correct,overfitting
4,correct/patch1-Chart-11-AVATAR.patch,correct,overfitting
5,correct/patch1-Chart-11-SketchFix.patch,correct,overfitting
6,correct/patch1-Chart-11-dev.patch,correct,correct
7,correct/patch1-Chart-12-Arja.patch,correct,overfitting
8,correct/patch1-Chart-12-dev.patch,correct,overfitting
9,correct/patch1-Chart-13-dev.patch,correct,overfitting
10,correct/patch1-Chart-14-ACS.patch,correct,overfitting
11,correct/patch1-Chart-14-dev.patch,correct,overfitting
12,correct/patch1-Chart-15-dev.patch,correct,overfitting
13,correct/patch1-Chart-16-dev.patch,correct,overfitting
14,correct/patch1-Chart-17-dev.patch,correct,correct
15,correct/patch1-Chart-18-dev.patch,correct,overfitting
16,correct/patch1-Chart-19-ACS.patch,correct,overfitting
17,correct/patch1-Chart-19-dev.patch,correct,overfitting
18,correct/patch1-Chart-2-dev.patch,correct,overfitting
19,correct/patch1-Chart-20-SimFix.patch,correct,overfitting
20,correct/patch1-Chart-20-TBar.patch,correct,overfitting
21,correct/patch1-Chart-20-dev.patch,correct,overfitting
22,correct/patch1-Chart-21-dev.patch,correct,overfitting
23,correct/patch1-Chart-22-dev.patch,correct,overfitting
24,correct/patch1-Chart-23-dev.patch,correct,overfitting
25,correct/patch1-Chart-24-AVATAR.patch,correct,overfitting
26,correct/patch1-Chart-24-FixMiner.patch,correct,overfitting
27,correct/patch1-Chart-24-Jaid.patch,correct,overfitting
28,correct/patch1-Chart-24-SOFix.patch,correct,overfitting
29,correct/patch1-Chart-24-dev.patch,correct,overfitting
30,correct/patch1-Chart-25-dev.patch,correct,correct
31,correct/patch1-Chart-26-Jaid.patch,correct,overfitting
32,correct/patch1-Chart-26-SOFix.patch,correct,overfitting
33,correct/patch1-Chart-26-dev.patch,correct,overfitting
34,correct/patch1-Chart-3-dev.patch,correct,overfitting
35,correct/patch1-Chart-4-AVATAR.patch,correct,overfitting
36,correct/patch1-Chart-4-SOFix.patch,correct,overfitting
37,correct/patch1-Chart-4-dev.patch,correct,overfitting
38,correct/patch1-Chart-5-Nopol2015.patch,correct,correct
39,correct/patch1-Chart-5-dev.patch,correct,overfitting
40,correct/patch1-Chart-6-dev.patch,correct,overfitting
41,correct/patch1-Chart-7-SimFix.patch,correct,overfitting
42,correct/patch1-Chart-7-dev.patch,correct,overfitting
43,correct/patch1-Chart-8-SketchFix.patch,correct,overfitting
44,correct/patch1-Chart-8-dev.patch,correct,overfitting
45,correct/patch1-Chart-9-Jaid.patch,correct,overfitting
46,correct/patch1-Chart-9-SequenceR.patch,correct,correct
47,correct/patch1-Chart-9-SketchFix.patch,correct,overfitting
48,correct/patch1-Chart-9-TBar.patch,correct,overfitting
49,correct/patch1-Chart-9-dev.patch,correct,overfitting
50,correct/patch1-Closure-1-dev.patch,correct,overfitting
51,correct/patch1-Closure-10-dev.patch,correct,overfitting
52,correct/patch1-Closure-100-dev.patch,correct,overfitting
53,correct/patch1-Closure-101-dev.patch,correct,overfitting
54,correct/patch1-Closure-102-dev.patch,correct,overfitting
55,correct/patch1-Closure-103-dev.patch,correct,overfitting
56,correct/patch1-Closure-104-dev.patch,correct,overfitting
57,correct/patch1-Closure-105-dev.patch,correct,overfitting
58,correct/patch1-Closure-106-dev.patch,correct,overfitting
59,correct/patch1-Closure-107-dev.patch,correct,correct
60,correct/patch1-Closure-108-dev.patch,correct,overfitting
61,correct/patch1-Closure-109-dev.patch,correct,overfitting
62,correct/patch1-Closure-11-dev.patch,correct,overfitting
63,correct/patch1-Closure-110-dev.patch,correct,overfitting
64,correct/patch1-Closure-111-dev.patch,correct,overfitting
65,correct/patch1-Closure-112-dev.patch,correct,correct
66,correct/patch1-Closure-113-dev.patch,correct,correct
67,correct/patch1-Closure-114-dev.patch,correct,overfitting
68,correct/patch1-Closure-115-AVATAR.patch,correct,overfitting
69,correct/patch1-Closure-115-Arja.patch,correct,correct
70,correct/patch1-Closure-115-Kali.patch,correct,overfitting
71,correct/patch1-Closure-115-RSRepair.patch,correct,overfitting
72,correct/patch1-Closure-115-SimFix.patch,correct,overfitting
73,correct/patch1-Closure-115-dev.patch,correct,overfitting
74,correct/patch1-Closure-116-dev.patch,correct,overfitting
75,correct/patch1-Closure-117-dev.patch,correct,overfitting
76,correct/patch1-Closure-118-dev.patch,correct,correct
77,correct/patch1-Closure-119-dev.patch,correct,overfitting
78,correct/patch1-Closure-12-dev.patch,correct,overfitting
79,correct/patch1-Closure-120-dev.patch,correct,correct
80,correct/patch1-Closure-121-dev.patch,correct,correct
81,correct/patch1-Closure-122-dev.patch,correct,overfitting
82,correct/patch1-Closure-123-dev.patch,correct,overfitting
83,correct/patch1-Closure-124-dev.patch,correct,overfitting
84,correct/patch1-Closure-125-dev.patch,correct,overfitting
85,correct/patch1-Closure-126-Arja.patch,correct,correct
86,correct/patch1-Closure-126-GenProg.patch,correct,overfitting
87,correct/patch1-Closure-126-RSRepair.patch,correct,overfitting
88,correct/patch1-Closure-126-SketchFix.patch,correct,overfitting
89,correct/patch1-Closure-126-dev.patch,correct,overfitting
90,correct/patch1-Closure-126-jKali.patch,correct,overfitting
91,correct/patch1-Closure-127-dev.patch,correct,overfitting
92,correct/patch1-Closure-128-dev.patch,correct,correct
93,correct/patch1-Closure-129-dev.patch,correct,overfitting
94,correct/patch1-Closure-13-dev.patch,correct,correct
95,correct/patch1-Closure-130-dev.patch,correct,overfitting
96,correct/patch1-Closure-131-dev.patch,correct,overfitting
97,correct/patch1-Closure-132-dev.patch,correct,overfitting
98,correct/patch1-Closure-133-dev.patch,correct,correct
99,correct/patch1-Closure-14-dev.patch,correct,overfitting
100,correct/patch1-Closure-15-dev.patch,correct,overfitting
101,correct/patch1-Closure-16-dev.patch,correct,correct
102,correct/patch1-Closure-17-dev.patch,correct,overfitting
103,correct/patch1-Closure-18-Jaid.patch,correct,overfitting
104,correct/patch1-Closure-18-SequenceR.patch,correct,overfitting
105,correct/patch1-Closure-18-dev.patch,correct,correct
106,correct/patch1-Closure-19-SimFix.patch,correct,overfitting
107,correct/patch1-Closure-19-dev.patch,correct,overfitting
108,correct/patch1-Closure-2-AVATAR.patch,correct,overfitting
109,correct/patch1-Closure-2-dev.patch,correct,overfitting
110,correct/patch1-Closure-20-dev.patch,correct,overfitting
111,correct/patch1-Closure-21-dev.patch,correct,overfitting
112,correct/patch1-Closure-22-dev.patch,correct,overfitting
113,correct/patch1-Closure-23-dev.patch,correct,overfitting
114,correct/patch1-Closure-24-dev.patch,correct,overfitting
115,correct/patch1-Closure-25-dev.patch,correct,correct
116,correct/patch1-Closure-26-dev.patch,correct,correct
117,correct/patch1-Closure-27-dev.patch,correct,overfitting
118,correct/patch1-Closure-28-dev.patch,correct,overfitting
119,correct/patch1-Closure-29-dev.patch,correct,overfitting
120,correct/patch1-Closure-3-dev.patch,correct,overfitting
121,correct/patch1-Closure-30-dev.patch,correct,overfitting
122,correct/patch1-Closure-31-Jaid.patch,correct,correct
123,correct/patch1-Closure-31-dev.patch,correct,correct
124,correct/patch1-Closure-32-dev.patch,correct,overfitting
125,correct/patch1-Closure-33-Jaid.patch,correct,overfitting
126,correct/patch1-Closure-33-dev.patch,correct,overfitting
127,correct/patch1-Closure-34-dev.patch,correct,overfitting
128,correct/patch1-Closure-35-dev.patch,correct,overfitting
129,correct/patch1-Closure-36-dev.patch,correct,overfitting
130,correct/patch1-Closure-37-dev.patch,correct,correct
131,correct/patch1-Closure-38-AVATAR.patch,correct,correct
132,correct/patch1-Closure-38-dev.patch,correct,correct
133,correct/patch1-Closure-39-dev.patch,correct,overfitting
134,correct/patch1-Closure-4-dev.patch,correct,overfitting
135,correct/patch1-Closure-40-dev.patch,correct,overfitting
136,correct/patch1-Closure-40-kPAR.patch,correct,overfitting
137,correct/patch1-Closure-41-dev.patch,correct,overfitting
138,correct/patch1-Closure-42-dev.patch,correct,correct
139,correct/patch1-Closure-43-dev.patch,correct,overfitting
140,correct/patch1-Closure-44-dev.patch,correct,overfitting
141,correct/patch1-Closure-45-dev.patch,correct,overfitting
142,correct/patch1-Closure-46-AVATAR.patch,correct,correct
143,correct/patch1-Closure-46-dev.patch,correct,correct
144,correct/patch1-Closure-47-dev.patch,correct,correct
145,correct/patch1-Closure-48-dev.patch,correct,overfitting
146,correct/patch1-Closure-49-dev.patch,correct,overfitting
147,correct/patch1-Closure-5-dev.patch,correct,overfitting
148,correct/patch1-Closure-50-dev.patch,correct,correct
149,correct/patch1-Closure-51-dev.patch,correct,overfitting
150,correct/patch1-Closure-52-dev.patch,correct,overfitting
151,correct/patch1-Closure-53-dev.patch,correct,overfitting
152,correct/patch1-Closure-54-dev.patch,correct,overfitting
153,correct/patch1-Closure-55-dev.patch,correct,correct
154,correct/patch1-Closure-56-dev.patch,correct,overfitting
155,correct/patch1-Closure-57-dev.patch,correct,overfitting
156,correct/patch1-Closure-58-dev.patch,correct,overfitting
157,correct/patch1-Closure-59-dev.patch,correct,overfitting
158,correct/patch1-Closure-6-SimFix.patch,correct,overfitting
159,correct/patch1-Closure-6-dev.patch,correct,overfitting
160,correct/patch1-Closure-60-dev.patch,correct,correct
161,correct/patch1-Closure-61-dev.patch,correct,overfitting
162,correct/patch1-Closure-62-AVATAR.patch,correct,overfitting
163,correct/patch1-Closure-62-dev.patch,correct,overfitting
164,correct/patch1-Closure-64-dev.patch,correct,overfitting
165,correct/patch1-Closure-65-dev.patch,correct,overfitting
166,correct/patch1-Closure-66-dev.patch,correct,overfitting
167,correct/patch1-Closure-67-dev.patch,correct,overfitting
168,correct/patch1-Closure-68-SimFix.patch,correct,overfitting
169,correct/patch1-Closure-68-dev.patch,correct,overfitting
170,correct/patch1-Closure-69-dev.patch,correct,correct
171,correct/patch1-Closure-7-dev.patch,correct,overfitting
172,correct/patch1-Closure-70-Jaid.patch,correct,overfitting
173,correct/patch1-Closure-70-dev.patch,correct,overfitting
174,correct/patch1-Closure-71-dev.patch,correct,overfitting
175,correct/patch1-Closure-72-dev.patch,correct,overfitting
176,correct/patch1-Closure-73-AVATAR.patch,correct,overfitting
177,correct/patch1-Closure-73-SequenceR.patch,correct,overfitting
178,correct/patch1-Closure-73-dev.patch,correct,overfitting
179,correct/patch1-Closure-74-dev.patch,correct,overfitting
180,correct/patch1-Closure-75-dev.patch,correct,overfitting
181,correct/patch1-Closure-76-dev.patch,correct,overfitting
182,correct/patch1-Closure-77-dev.patch,correct,overfitting
183,correct/patch1-Closure-78-dev.patch,correct,overfitting
184,correct/patch1-Closure-79-dev.patch,correct,correct
185,correct/patch1-Closure-8-dev.patch,correct,overfitting
186,correct/patch1-Closure-80-dev.patch,correct,overfitting
187,correct/patch1-Closure-81-dev.patch,correct,overfitting
188,correct/patch1-Closure-82-dev.patch,correct,correct
189,correct/patch1-Closure-83-dev.patch,correct,overfitting
190,correct/patch1-Closure-84-dev.patch,correct,overfitting
191,correct/patch1-Closure-85-dev.patch,correct,overfitting
192,correct/patch1-Closure-86-SequenceR.patch,correct,overfitting
193,correct/patch1-Closure-86-dev.patch,correct,overfitting
194,correct/patch1-Closure-87-dev.patch,correct,overfitting
195,correct/patch1-Closure-88-dev.patch,correct,overfitting
196,correct/patch1-Closure-89-dev.patch,correct,overfitting
197,correct/patch1-Closure-9-dev.patch,correct,overfitting
198,correct/patch1-Closure-90-dev.patch,correct,correct
199,correct/patch1-Closure-91-dev.patch,correct,overfitting
200,correct/patch1-Closure-92-dev.patch,correct,correct
201,correct/patch1-Closure-94-dev.patch,correct,overfitting
202,correct/patch1-Closure-95-dev.patch,correct,overfitting
203,correct/patch1-Closure-96-dev.patch,correct,overfitting
204,correct/patch1-Closure-97-dev.patch,correct,overfitting
205,correct/patch1-Closure-98-dev.patch,correct,overfitting
206,correct/patch1-Closure-99-dev.patch,correct,overfitting
207,correct/patch1-Lang-1-dev.patch,correct,overfitting
208,correct/patch1-Lang-10-AVATAR.patch,correct,overfitting
209,correct/patch1-Lang-10-dev.patch,correct,overfitting
210,correct/patch1-Lang-10-jKali.patch,correct,overfitting
211,correct/patch1-Lang-11-dev.patch,correct,overfitting
212,correct/patch1-Lang-12-dev.patch,correct,overfitting
213,correct/patch1-Lang-13-dev.patch,correct,overfitting
214,correct/patch1-Lang-14-dev.patch,correct,overfitting
215,correct/patch1-Lang-15-dev.patch,correct,overfitting
216,correct/patch1-Lang-16-dev.patch,correct,overfitting
217,correct/patch1-Lang-17-dev.patch,correct,overfitting
218,correct/patch1-Lang-18-dev.patch,correct,overfitting
219,correct/patch1-Lang-19-dev.patch,correct,overfitting
220,correct/patch1-Lang-2-dev.patch,correct,overfitting
221,correct/patch1-Lang-20-dev.patch,correct,overfitting
222,correct/patch1-Lang-21-dev.patch,correct,overfitting
223,correct/patch1-Lang-22-dev.patch,correct,overfitting
224,correct/patch1-Lang-23-dev.patch,correct,overfitting
225,correct/patch1-Lang-24-ACS.patch,correct,overfitting
226,correct/patch1-Lang-24-dev.patch,correct,overfitting
227,correct/patch1-Lang-26-CapGen.patch,correct,overfitting
228,correct/patch1-Lang-26-dev.patch,correct,overfitting
229,correct/patch1-Lang-27-dev.patch,correct,correct
230,correct/patch1-Lang-28-dev.patch,correct,correct
231,correct/patch1-Lang-29-dev.patch,correct,overfitting
232,correct/patch1-Lang-3-dev.patch,correct,overfitting
233,correct/patch1-Lang-30-dev.patch,correct,overfitting
234,correct/patch1-Lang-31-dev.patch,correct,overfitting
235,correct/patch1-Lang-32-dev.patch,correct,overfitting
236,correct/patch1-Lang-33-Jaid.patch,correct,overfitting
237,correct/patch1-Lang-33-SimFix.patch,correct,overfitting
238,correct/patch1-Lang-33-TBar.patch,correct,overfitting
239,correct/patch1-Lang-33-dev.patch,correct,overfitting
240,correct/patch1-Lang-34-dev.patch,correct,overfitting
241,correct/patch1-Lang-35-ACS.patch,correct,overfitting
242,correct/patch1-Lang-35-dev.patch,correct,overfitting
243,correct/patch1-Lang-36-dev.patch,correct,overfitting
244,correct/patch1-Lang-37-dev.patch,correct,overfitting
245,correct/patch1-Lang-38-Jaid.patch,correct,overfitting
246,correct/patch1-Lang-38-dev.patch,correct,overfitting
247,correct/patch1-Lang-39-SimFix.patch,correct,overfitting
248,correct/patch1-Lang-39-dev.patch,correct,overfitting
249,correct/patch1-Lang-4-dev.patch,correct,overfitting
250,correct/patch1-Lang-40-dev.patch,correct,overfitting
251,correct/patch1-Lang-41-dev.patch,correct,overfitting
252,correct/patch1-Lang-42-dev.patch,correct,overfitting
253,correct/patch1-Lang-43-SimFix.patch,correct,overfitting
254,correct/patch1-Lang-43-dev.patch,correct,overfitting
255,correct/patch1-Lang-44-Nopol2015.patch,correct,overfitting
256,correct/patch1-Lang-44-dev.patch,correct,overfitting
257,correct/patch1-Lang-45-Jaid.patch,correct,overfitting
258,correct/patch1-Lang-45-dev.patch,correct,overfitting
259,correct/patch1-Lang-46-Nopol.patch,correct,overfitting
260,correct/patch1-Lang-46-dev.patch,correct,overfitting
261,correct/patch1-Lang-47-TBar.patch,correct,overfitting
262,correct/patch1-Lang-47-dev.patch,correct,overfitting
263,correct/patch1-Lang-48-dev.patch,correct,overfitting
264,correct/patch1-Lang-49-dev.patch,correct,overfitting
265,correct/patch1-Lang-5-dev.patch,correct,overfitting
266,correct/patch1-Lang-50-dev.patch,correct,overfitting
267,correct/patch1-Lang-51-Jaid.patch,correct,overfitting
268,correct/patch1-Lang-51-SOFix.patch,correct,overfitting
269,correct/patch1-Lang-51-dev.patch,correct,overfitting
270,correct/patch1-Lang-52-dev.patch,correct,overfitting
271,correct/patch1-Lang-53-dev.patch,correct,overfitting
272,correct/patch1-Lang-54-dev.patch,correct,overfitting
273,correct/patch1-Lang-55-Jaid.patch,correct,overfitting
274,correct/patch1-Lang-55-Nopol2015.patch,correct,overfitting
275,correct/patch1-Lang-55-dev.patch,correct,overfitting
276,correct/patch1-Lang-56-dev.patch,correct,overfitting
277,correct/patch1-Lang-57-AVATAR.patch,correct,overfitting
278,correct/patch1-Lang-57-CapGen.patch,correct,overfitting
279,correct/patch1-Lang-57-HDRepair.patch,correct,correct
280,correct/patch1-Lang-57-dev.patch,correct,correct
281,correct/patch1-Lang-58-Nopol2015.patch,correct,overfitting
282,correct/patch1-Lang-58-SimFix.patch,correct,overfitting
283,correct/patch1-Lang-58-dev.patch,correct,overfitting
284,correct/patch1-Lang-59-TBar.patch,correct,overfitting
285,correct/patch1-Lang-59-dev.patch,correct,overfitting
286,correct/patch1-Lang-6-AVATAR.patch,correct,correct
287,correct/patch1-Lang-6-SOFix.patch,correct,overfitting
288,correct/patch1-Lang-6-dev.patch,correct,correct
289,correct/patch1-Lang-60-SimFix.patch,correct,overfitting
290,correct/patch1-Lang-60-dev.patch,correct,correct
291,correct/patch1-Lang-61-dev.patch,correct,correct
292,correct/patch1-Lang-62-dev.patch,correct,correct
293,correct/patch1-Lang-63-dev.patch,correct,overfitting
294,correct/patch1-Lang-64-dev.patch,correct,overfitting
295,correct/patch1-Lang-65-dev.patch,correct,overfitting
296,correct/patch1-Lang-7-ACS.patch,correct,overfitting
297,correct/patch1-Lang-7-AVATAR.patch,correct,overfitting
298,correct/patch1-Lang-7-dev.patch,correct,overfitting
299,correct/patch1-Lang-7-jKali.patch,correct,overfitting
300,correct/patch1-Lang-7-kPAR.patch,correct,overfitting
301,correct/patch1-Lang-8-dev.patch,correct,overfitting
302,correct/patch1-Lang-9-dev.patch,correct,overfitting
303,correct/patch1-Math-1-dev.patch,correct,overfitting
304,correct/patch1-Math-10-dev.patch,correct,correct
305,correct/patch1-Math-100-dev.patch,correct,overfitting
306,correct/patch1-Math-101-dev.patch,correct,correct
307,correct/patch1-Math-102-dev.patch,correct,correct
308,correct/patch1-Math-103-dev.patch,correct,correct
309,correct/patch1-Math-104-dev.patch,correct,overfitting
310,correct/patch1-Math-105-dev.patch,correct,correct
311,correct/patch1-Math-106-dev.patch,correct,overfitting
312,correct/patch1-Math-11-TBar.patch,correct,overfitting
313,correct/patch1-Math-11-dev.patch,correct,overfitting
314,correct/patch1-Math-12-dev.patch,correct,overfitting
315,correct/patch1-Math-13-dev.patch,correct,overfitting
316,correct/patch1-Math-14-dev.patch,correct,overfitting
317,correct/patch1-Math-15-dev.patch,correct,correct
318,correct/patch1-Math-16-dev.patch,correct,overfitting
319,correct/patch1-Math-17-dev.patch,correct,correct
320,correct/patch1-Math-18-dev.patch,correct,correct
321,correct/patch1-Math-19-dev.patch,correct,overfitting
322,correct/patch1-Math-2-dev.patch,correct,overfitting
323,correct/patch1-Math-20-dev.patch,correct,correct
324,correct/patch1-Math-21-dev.patch,correct,overfitting
325,correct/patch1-Math-22-FixMiner.patch,correct,overfitting
326,correct/patch1-Math-22-dev.patch,correct,overfitting
327,correct/patch1-Math-23-dev.patch,correct,overfitting
328,correct/patch1-Math-24-dev.patch,correct,overfitting
329,correct/patch1-Math-25-ACS.patch,correct,overfitting
330,correct/patch1-Math-25-dev.patch,correct,overfitting
331,correct/patch1-Math-26-dev.patch,correct,overfitting
332,correct/patch1-Math-27-dev.patch,correct,overfitting
333,correct/patch1-Math-28-dev.patch,correct,overfitting
334,correct/patch1-Math-29-dev.patch,correct,overfitting
335,correct/patch1-Math-3-ACS.patch,correct,overfitting
336,correct/patch1-Math-3-dev.patch,correct,overfitting
337,correct/patch1-Math-30-FixMiner.patch,correct,overfitting
338,correct/patch1-Math-30-dev.patch,correct,correct
339,correct/patch1-Math-31-dev.patch,correct,overfitting
340,correct/patch1-Math-32-Jaid.patch,correct,correct
341,correct/patch1-Math-32-dev.patch,correct,overfitting
342,correct/patch1-Math-33-SOFix.patch,correct,overfitting
343,correct/patch1-Math-33-dev.patch,correct,overfitting
344,correct/patch1-Math-34-HDRepair.patch,correct,overfitting
345,correct/patch1-Math-34-dev.patch,correct,overfitting
346,correct/patch1-Math-35-ACS.patch,correct,overfitting
347,correct/patch1-Math-35-Arja.patch,correct,overfitting
348,correct/patch1-Math-35-dev.patch,correct,overfitting
349,correct/patch1-Math-36-dev.patch,correct,overfitting
350,correct/patch1-Math-37-dev.patch,correct,correct
351,correct/patch1-Math-38-dev.patch,correct,overfitting
352,correct/patch1-Math-39-dev.patch,correct,correct
353,correct/patch1-Math-4-ACS.patch,correct,overfitting
354,correct/patch1-Math-4-AVATAR.patch,correct,overfitting
355,correct/patch1-Math-4-dev.patch,correct,correct
356,correct/patch1-Math-40-dev.patch,correct,overfitting
357,correct/patch1-Math-41-SimFix.patch,correct,correct
358,correct/patch1-Math-41-dev.patch,correct,overfitting
359,correct/patch1-Math-42-dev.patch,correct,overfitting
360,correct/patch1-Math-43-dev.patch,correct,correct
361,correct/patch1-Math-44-dev.patch,correct,overfitting
362,correct/patch1-Math-45-dev.patch,correct,overfitting
363,correct/patch1-Math-46-dev.patch,correct,overfitting
364,correct/patch1-Math-47-dev.patch,correct,overfitting
365,correct/patch1-Math-48-dev.patch,correct,overfitting
366,correct/patch1-Math-49-dev.patch,correct,overfitting
367,correct/patch1-Math-5-ACS.patch,correct,correct
368,correct/patch1-Math-5-Jaid.patch,correct,overfitting
369,correct/patch1-Math-5-SequenceR.patch,correct,correct
370,correct/patch1-Math-5-SimFix.patch,correct,overfitting
371,correct/patch1-Math-5-dev.patch,correct,overfitting
372,correct/patch1-Math-5-jGenProg.patch,correct,overfitting
373,correct/patch1-Math-50-Arja.patch,correct,overfitting
374,correct/patch1-Math-50-DynaMoth.patch,correct,overfitting
375,correct/patch1-Math-50-Jaid.patch,correct,overfitting
376,correct/patch1-Math-50-Kali.patch,correct,correct
377,correct/patch1-Math-50-Nopol2015.patch,correct,correct
378,correct/patch1-Math-50-SOFix.patch,correct,correct
379,correct/patch1-Math-50-SketchFix.patch,correct,correct
380,correct/patch1-Math-50-dev.patch,correct,overfitting
381,correct/patch1-Math-50-jGenProg.patch,correct,overfitting
382,correct/patch1-Math-50-jKali.patch,correct,overfitting
383,correct/patch1-Math-51-dev.patch,correct,overfitting
384,correct/patch1-Math-52-dev.patch,correct,overfitting
385,correct/patch1-Math-53-CapGen.patch,correct,overfitting
386,correct/patch1-Math-53-Jaid.patch,correct,correct
387,correct/patch1-Math-53-SimFix.patch,correct,overfitting
388,correct/patch1-Math-53-dev.patch,correct,overfitting
389,correct/patch1-Math-53-jGenProg.patch,correct,overfitting
390,correct/patch1-Math-54-dev.patch,correct,correct
391,correct/patch1-Math-55-dev.patch,correct,overfitting
392,correct/patch1-Math-56-dev.patch,correct,overfitting
393,correct/patch1-Math-57-FixMiner.patch,correct,correct
394,correct/patch1-Math-57-dev.patch,correct,overfitting
395,correct/patch1-Math-58-Arja.patch,correct,overfitting
396,correct/patch1-Math-58-CapGen.patch,correct,correct
397,correct/patch1-Math-58-dev.patch,correct,overfitting
398,correct/patch1-Math-59-AVATAR.patch,correct,overfitting
399,correct/patch1-Math-59-dev.patch,correct,correct
400,correct/patch1-Math-6-dev.patch,correct,correct
401,correct/patch1-Math-60-dev.patch,correct,overfitting
402,correct/patch1-Math-61-ACS.patch,correct,correct
403,correct/patch1-Math-61-dev.patch,correct,overfitting
404,correct/patch1-Math-62-dev.patch,correct,overfitting
405,correct/patch1-Math-63-CapGen.patch,correct,correct
406,correct/patch1-Math-63-dev.patch,correct,correct
407,correct/patch1-Math-64-dev.patch,correct,overfitting
408,correct/patch1-Math-65-CapGen.patch,correct,correct
409,correct/patch1-Math-65-TBar.patch,correct,correct
410,correct/patch1-Math-65-dev.patch,correct,overfitting
411,correct/patch1-Math-66-dev.patch,correct,overfitting
412,correct/patch1-Math-67-dev.patch,correct,correct
413,correct/patch1-Math-68-dev.patch,correct,overfitting
414,correct/patch1-Math-69-dev.patch,correct,correct
415,correct/patch1-Math-7-dev.patch,correct,correct
416,correct/patch1-Math-70-HDRepair.patch,correct,overfitting
417,correct/patch1-Math-70-SOFix.patch,correct,overfitting
418,correct/patch1-Math-70-dev.patch,correct,correct
419,correct/patch1-Math-71-SimFix.patch,correct,correct
420,correct/patch1-Math-71-dev.patch,correct,overfitting
421,correct/patch1-Math-72-SimFix.patch,correct,overfitting
422,correct/patch1-Math-72-dev.patch,correct,overfitting
423,correct/patch1-Math-73-dev.patch,correct,correct
424,correct/patch1-Math-73-jGenProg.patch,correct,overfitting
425,correct/patch1-Math-74-dev.patch,correct,correct
426,correct/patch1-Math-75-FixMiner.patch,correct,correct
427,correct/patch1-Math-75-SequenceR.patch,correct,overfitting
428,correct/patch1-Math-75-dev.patch,correct,overfitting
429,correct/patch1-Math-76-dev.patch,correct,overfitting
430,correct/patch1-Math-77-dev.patch,correct,correct
431,correct/patch1-Math-78-dev.patch,correct,overfitting
432,correct/patch1-Math-79-FixMiner.patch,correct,correct
433,correct/patch1-Math-79-dev.patch,correct,overfitting
434,correct/patch1-Math-8-dev.patch,correct,overfitting
435,correct/patch1-Math-80-Jaid.patch,correct,correct
436,correct/patch1-Math-80-SOFix.patch,correct,overfitting
437,correct/patch1-Math-80-dev.patch,correct,overfitting
438,correct/patch1-Math-81-dev.patch,correct,overfitting
439,correct/patch1-Math-82-ACS.patch,correct,overfitting
440,correct/patch1-Math-82-SequenceR.patch,correct,overfitting
441,correct/patch1-Math-82-dev.patch,correct,overfitting
442,correct/patch1-Math-82-jMutRepair.patch,correct,overfitting
443,correct/patch1-Math-83-dev.patch,correct,overfitting
444,correct/patch1-Math-84-dev.patch,correct,overfitting
445,correct/patch1-Math-85-ACS.patch,correct,overfitting
446,correct/patch1-Math-85-SOFix.patch,correct,overfitting
447,correct/patch1-Math-85-dev.patch,correct,overfitting
448,correct/patch1-Math-85-jMutRepair.patch,correct,overfitting
449,correct/patch1-Math-86-dev.patch,correct,correct
450,correct/patch1-Math-87-dev.patch,correct,overfitting
451,correct/patch1-Math-88-dev.patch,correct,overfitting
452,correct/patch1-Math-89-ACS.patch,correct,overfitting
453,correct/patch1-Math-89-AVATAR.patch,correct,overfitting
454,correct/patch1-Math-89-dev.patch,correct,overfitting
455,correct/patch1-Math-9-dev.patch,correct,overfitting
456,correct/patch1-Math-90-ACS.patch,correct,overfitting
457,correct/patch1-Math-90-dev.patch,correct,overfitting
458,correct/patch1-Math-91-dev.patch,correct,overfitting
459,correct/patch1-Math-92-dev.patch,correct,overfitting
460,correct/patch1-Math-93-ACS.patch,correct,overfitting
461,correct/patch1-Math-93-dev.patch,correct,overfitting
462,correct/patch1-Math-94-dev.patch,correct,overfitting
463,correct/patch1-Math-95-dev.patch,correct,overfitting
464,correct/patch1-Math-96-dev.patch,correct,overfitting
465,correct/patch1-Math-97-dev.patch,correct,overfitting
466,correct/patch1-Math-98-Arja.patch,correct,overfitting
467,correct/patch1-Math-98-dev.patch,correct,overfitting
468,correct/patch1-Math-99-ACS.patch,correct,overfitting
469,correct/patch1-Math-99-dev.patch,correct,overfitting
470,correct/patch1-Time-1-dev.patch,correct,overfitting
471,correct/patch1-Time-10-dev.patch,correct,overfitting
472,correct/patch1-Time-11-dev.patch,correct,overfitting
473,correct/patch1-Time-12-dev.patch,correct,overfitting
474,correct/patch1-Time-13-dev.patch,correct,overfitting
475,correct/patch1-Time-14-dev.patch,correct,overfitting
476,correct/patch1-Time-15-ACS.patch,correct,overfitting
477,correct/patch1-Time-15-dev.patch,correct,overfitting
478,correct/patch1-Time-16-dev.patch,correct,overfitting
479,correct/patch1-Time-17-dev.patch,correct,overfitting
480,correct/patch1-Time-18-dev.patch,correct,overfitting
481,correct/patch1-Time-19-HDRepair.patch,correct,overfitting
482,correct/patch1-Time-19-dev.patch,correct,overfitting
483,correct/patch1-Time-2-dev.patch,correct,overfitting
484,correct/patch1-Time-20-dev.patch,correct,overfitting
485,correct/patch1-Time-21-dev.patch,correct,overfitting
486,correct/patch1-Time-22-dev.patch,correct,correct
487,correct/patch1-Time-23-dev.patch,correct,overfitting
488,correct/patch1-Time-24-dev.patch,correct,overfitting
489,correct/patch1-Time-25-dev.patch,correct,overfitting
490,correct/patch1-Time-26-dev.patch,correct,overfitting
491,correct/patch1-Time-27-dev.patch,correct,overfitting
492,correct/patch1-Time-3-dev.patch,correct,overfitting
493,correct/patch1-Time-4-dev.patch,correct,overfitting
494,correct/patch1-Time-5-dev.patch,correct,overfitting
495,correct/patch1-Time-6-dev.patch,correct,overfitting
496,correct/patch1-Time-7-dev.patch,correct,overfitting
497,correct/patch1-Time-8-dev.patch,correct,overfitting
498,correct/patch1-Time-9-dev.patch,correct,overfitting
499,correct/patch2-Chart-14-ACS.patch,correct,overfitting
500,correct/patch2-Chart-19-ACS.patch,correct,overfitting
501,correct/patch2-Chart-24-Jaid.patch,correct,overfitting
502,correct/patch2-Chart-26-Jaid.patch,correct,overfitting
503,correct/patch2-Chart-9-Jaid.patch,correct,overfitting
504,correct/patch2-Closure-73-SequenceR.patch,correct,overfitting
505,correct/patch2-Lang-24-ACS.patch,correct,overfitting
506,correct/patch2-Lang-33-Jaid.patch,correct,overfitting
507,correct/patch2-Lang-38-Jaid.patch,correct,overfitting
508,correct/patch2-Lang-57-CapGen.patch,correct,correct
509,correct/patch2-Math-25-ACS.patch,correct,overfitting
510,correct/patch2-Math-3-ACS.patch,correct,overfitting
511,correct/patch2-Math-35-ACS.patch,correct,overfitting
512,correct/patch2-Math-5-ACS.patch,correct,overfitting
513,correct/patch2-Math-5-Jaid.patch,correct,overfitting
514,correct/patch2-Math-5-jGenProg.patch,correct,overfitting
515,correct/patch2-Math-53-jGenProg.patch,correct,correct
516,correct/patch2-Math-80-Jaid.patch,correct,overfitting
517,correct/patch2-Math-82-ACS.patch,correct,overfitting
518,correct/patch2-Math-82-SequenceR.patch,correct,overfitting
519,correct/patch2-Math-85-ACS.patch,correct,correct
520,correct/patch2-Math-89-ACS.patch,correct,overfitting
521,correct/patch2-Math-90-ACS.patch,correct,overfitting
522,correct/patch2-Math-98-Arja.patch,correct,overfitting
523,correct/patch2-Math-99-ACS.patch,correct,overfitting
524,correct/patch2-Time-15-ACS.patch,correct,overfitting
525,correct/patch3-Chart-26-Jaid.patch,correct,overfitting
526,correct/patch3-Lang-38-Jaid.patch,correct,overfitting
527,correct/patch3-Lang-43-CapGen.patch,correct,overfitting
528,correct/patch3-Lang-51-Jaid.patch,correct,overfitting
529,correct/patch3-Lang-57-CapGen.patch,correct,correct
530,correct/patch3-Math-5-Jaid.patch,correct,overfitting
531,correct/patch4-Lang-38-Jaid.patch,correct,overfitting
532,correct/patch4-Lang-51-Jaid.patch,correct,overfitting
533,correct/patch5-Lang-51-Jaid.patch,correct,overfitting
534,correct/patch6-Lang-51-Jaid.patch,correct,overfitting
535,overfitting/patch1-Chart-1-Arja-plausible.patch,overfitting,overfitting
536,overfitting/patch1-Chart-1-DynaMoth-plausible.patch,overfitting,overfitting
537,overfitting/patch1-Chart-1-GenProg-plausible.patch,overfitting,correct
538,overfitting/patch1-Chart-1-Jaid-plausible.patch,overfitting,overfitting
539,overfitting/patch1-Chart-1-Kali-plausible.patch,overfitting,overfitting
540,overfitting/patch1-Chart-1-SketchFix-plausible.patch,overfitting,overfitting
541,overfitting/patch1-Chart-1-jGenProg-plausible.patch,overfitting,overfitting
542,overfitting/patch1-Chart-1-jKali-plausible.patch,overfitting,correct
543,overfitting/patch1-Chart-12-GenProg-plausible.patch,overfitting,overfitting
544,overfitting/patch1-Chart-12-Kali-plausible.patch,overfitting,overfitting
545,overfitting/patch1-Chart-12-RSRepair-plausible.patch,overfitting,overfitting
546,overfitting/patch1-Chart-12-SimFix-plausible.patch,overfitting,overfitting
547,overfitting/patch1-Chart-12-TBar-plausible.patch,overfitting,overfitting
548,overfitting/patch1-Chart-13-AVATAR-plausible.patch,overfitting,correct
549,overfitting/patch1-Chart-13-Arja-plausible.patch,overfitting,overfitting
550,overfitting/patch1-Chart-13-Cardumen-plausible.patch,overfitting,overfitting
551,overfitting/patch1-Chart-13-DynaMoth-plausible.patch,overfitting,correct
552,overfitting/patch1-Chart-13-FixMiner-plausible.patch,overfitting,overfitting
553,overfitting/patch1-Chart-13-GenProg-plausible.patch,overfitting,overfitting
554,overfitting/patch1-Chart-13-Nopol-plausible.patch,overfitting,overfitting
555,overfitting/patch1-Chart-13-Nopol2015-plausible.patch,overfitting,overfitting
556,overfitting/patch1-Chart-13-Nopol2017-plausible.patch,overfitting,overfitting
557,overfitting/patch1-Chart-13-RSRepair-plausible.patch,overfitting,overfitting
558,overfitting/patch1-Chart-13-TBar-plausible.patch,overfitting,overfitting
559,overfitting/patch1-Chart-13-jGenProg-plausible.patch,overfitting,overfitting
560,overfitting/patch1-Chart-13-jKali-plausible.patch,overfitting,correct
561,overfitting/patch1-Chart-14-AVATAR-plausible.patch,overfitting,overfitting
562,overfitting/patch1-Chart-14-Arja-plausible.patch,overfitting,overfitting
563,overfitting/patch1-Chart-14-FixMiner-plausible.patch,overfitting,overfitting
564,overfitting/patch1-Chart-14-TBar-plausible.patch,overfitting,overfitting
565,overfitting/patch1-Chart-15-AVATAR-plausible.patch,overfitting,overfitting
566,overfitting/patch1-Chart-15-Arja-plausible.patch,overfitting,overfitting
567,overfitting/patch1-Chart-15-DynaMoth-plausible.patch,overfitting,overfitting
568,overfitting/patch1-Chart-15-FixMiner-plausible.patch,overfitting,overfitting
569,overfitting/patch1-Chart-15-Kali-plausible.patch,overfitting,overfitting
570,overfitting/patch1-Chart-15-jGenProg-plausible.patch,overfitting,overfitting
571,overfitting/patch1-Chart-15-jKali-plausible.patch,overfitting,overfitting
572,overfitting/patch1-Chart-17-FixMiner-plausible.patch,overfitting,overfitting
573,overfitting/patch1-Chart-18-DynaMoth-plausible.patch,overfitting,overfitting
574,overfitting/patch1-Chart-18-SimFix-plausible.patch,overfitting,correct
575,overfitting/patch1-Chart-19-Arja-plausible.patch,overfitting,overfitting
576,overfitting/patch1-Chart-21-Nopol-plausible.patch,overfitting,overfitting
577,overfitting/patch1-Chart-21-Nopol2015-plausible.patch,overfitting,overfitting
578,overfitting/patch1-Chart-21-Nopol2017-plausible.patch,overfitting,overfitting
579,overfitting/patch1-Chart-22-SimFix-plausible.patch,overfitting,overfitting
580,overfitting/patch1-Chart-24-Cardumen-plausible.patch,overfitting,overfitting
581,overfitting/patch1-Chart-25-AVATAR-plausible.patch,overfitting,overfitting
582,overfitting/patch1-Chart-25-Arja-plausible.patch,overfitting,overfitting
583,overfitting/patch1-Chart-25-DynaMoth-plausible.patch,overfitting,overfitting
584,overfitting/patch1-Chart-25-FixMiner-plausible.patch,overfitting,overfitting
585,overfitting/patch1-Chart-25-GenProg-plausible.patch,overfitting,overfitting
586,overfitting/patch1-Chart-25-Kali-plausible.patch,overfitting,overfitting
587,overfitting/patch1-Chart-25-Nopol-plausible.patch,overfitting,overfitting
588,overfitting/patch1-Chart-25-Nopol2015-plausible.patch,overfitting,overfitting
589,overfitting/patch1-Chart-25-Nopol2017-plausible.patch,overfitting,overfitting
590,overfitting/patch1-Chart-25-RSRepair-plausible.patch,overfitting,overfitting
591,overfitting/patch1-Chart-25-SimFix-plausible.patch,overfitting,overfitting
592,overfitting/patch1-Chart-25-jGenProg-plausible.patch,overfitting,overfitting
593,overfitting/patch1-Chart-25-jKali-plausible.patch,overfitting,overfitting
594,overfitting/patch1-Chart-25-jMutRepair-plausible.patch,overfitting,overfitting
595,overfitting/patch1-Chart-26-AVATAR-plausible.patch,overfitting,overfitting
596,overfitting/patch1-Chart-26-FixMiner-plausible.patch,overfitting,overfitting
597,overfitting/patch1-Chart-26-Jaid-plausible.patch,overfitting,overfitting
598,overfitting/patch1-Chart-26-Kali-plausible.patch,overfitting,overfitting
599,overfitting/patch1-Chart-26-Nopol2015-plausible.patch,overfitting,overfitting
600,overfitting/patch1-Chart-26-Nopol2017-plausible.patch,overfitting,overfitting
601,overfitting/patch1-Chart-26-TBar-plausible.patch,overfitting,overfitting
602,overfitting/patch1-Chart-26-jKali-plausible.patch,overfitting,overfitting
603,overfitting/patch1-Chart-26-jMutRepair-plausible.patch,overfitting,overfitting
604,overfitting/patch1-Chart-3-Arja-plausible.patch,overfitting,overfitting
605,overfitting/patch1-Chart-3-FixMiner-plausible.patch,overfitting,overfitting
606,overfitting/patch1-Chart-3-GenProg-plausible.patch,overfitting,overfitting
607,overfitting/patch1-Chart-3-Nopol2015-plausible.patch,overfitting,overfitting
608,overfitting/patch1-Chart-3-SimFix-plausible.patch,overfitting,overfitting
609,overfitting/patch1-Chart-3-TBar-plausible.patch,overfitting,overfitting
610,overfitting/patch1-Chart-3-jGenProg-plausible.patch,overfitting,overfitting
611,overfitting/patch1-Chart-5-AVATAR-plausible.patch,overfitting,overfitting
612,overfitting/patch1-Chart-5-Arja-plausible.patch,overfitting,overfitting
613,overfitting/patch1-Chart-5-DynaMoth-plausible.patch,overfitting,overfitting
614,overfitting/patch1-Chart-5-Kali-plausible.patch,overfitting,overfitting
615,overfitting/patch1-Chart-5-Nopol-plausible.patch,overfitting,overfitting
616,overfitting/patch1-Chart-5-RSRepair-plausible.patch,overfitting,overfitting
617,overfitting/patch1-Chart-5-TBar-plausible.patch,overfitting,overfitting
618,overfitting/patch1-Chart-5-jGenProg-plausible.patch,overfitting,overfitting
619,overfitting/patch1-Chart-5-jKali-plausible.patch,overfitting,overfitting
620,overfitting/patch1-Chart-5-kPAR-plausible.patch,overfitting,overfitting
621,overfitting/patch1-Chart-6-Cardumen-plausible.patch,overfitting,overfitting
622,overfitting/patch1-Chart-7-AVATAR-plausible.patch,overfitting,overfitting
623,overfitting/patch1-Chart-7-Arja-plausible.patch,overfitting,correct
624,overfitting/patch1-Chart-7-FixMiner-plausible.patch,overfitting,overfitting
625,overfitting/patch1-Chart-7-TBar-plausible.patch,overfitting,overfitting
626,overfitting/patch1-Chart-7-jGenProg-plausible.patch,overfitting,overfitting
627,overfitting/patch1-Chart-7-jMutRepair-plausible.patch,overfitting,overfitting
628,overfitting/patch1-Chart-9-Jaid-plausible.patch,overfitting,overfitting
629,overfitting/patch1-Chart-9-Nopol-plausible.patch,overfitting,overfitting
630,overfitting/patch1-Chart-9-Nopol2017-plausible.patch,overfitting,overfitting
631,overfitting/patch1-Closure-1-Arja-plausible.patch,overfitting,overfitting
632,overfitting/patch1-Closure-1-Kali-plausible.patch,overfitting,overfitting
633,overfitting/patch1-Closure-10-Arja-plausible.patch,overfitting,overfitting
634,overfitting/patch1-Closure-10-GenProg-plausible.patch,overfitting,correct
635,overfitting/patch1-Closure-10-Kali-plausible.patch,overfitting,overfitting
636,overfitting/patch1-Closure-10-RSRepair-plausible.patch,overfitting,overfitting
637,overfitting/patch1-Closure-101-jKali-plausible.patch,overfitting,overfitting
638,overfitting/patch1-Closure-106-SimFix-plausible.patch,overfitting,overfitting
639,overfitting/patch1-Closure-107-SimFix-plausible.patch,overfitting,overfitting
640,overfitting/patch1-Closure-107-TBar-plausible.patch,overfitting,overfitting
641,overfitting/patch1-Closure-108-AVATAR-plausible.patch,overfitting,overfitting
642,overfitting/patch1-Closure-108-SimFix-plausible.patch,overfitting,overfitting
643,overfitting/patch1-Closure-109-SimFix-plausible.patch,overfitting,overfitting
644,overfitting/patch1-Closure-109-kPAR-plausible.patch,overfitting,overfitting
645,overfitting/patch1-Closure-112-Arja-plausible.patch,overfitting,overfitting
646,overfitting/patch1-Closure-112-GenProg-plausible.patch,overfitting,overfitting
647,overfitting/patch1-Closure-112-Kali-plausible.patch,overfitting,overfitting
648,overfitting/patch1-Closure-112-RSRepair-plausible.patch,overfitting,overfitting
649,overfitting/patch1-Closure-114-Arja-plausible.patch,overfitting,overfitting
650,overfitting/patch1-Closure-114-GenProg-plausible.patch,overfitting,overfitting
651,overfitting/patch1-Closure-114-RSRepair-plausible.patch,overfitting,overfitting
652,overfitting/patch1-Closure-115-TBar-plausible.patch,overfitting,overfitting
653,overfitting/patch1-Closure-115-kPAR-plausible.patch,overfitting,overfitting
654,overfitting/patch1-Closure-116-Arja-plausible.patch,overfitting,overfitting
655,overfitting/patch1-Closure-117-Arja-plausible.patch,overfitting,overfitting
656,overfitting/patch1-Closure-117-Kali-plausible.patch,overfitting,overfitting
657,overfitting/patch1-Closure-119-Arja-plausible.patch,overfitting,overfitting
658,overfitting/patch1-Closure-119-Kali-plausible.patch,overfitting,overfitting
659,overfitting/patch1-Closure-12-AVATAR-plausible.patch,overfitting,overfitting
660,overfitting/patch1-Closure-120-Arja-plausible.patch,overfitting,overfitting
661,overfitting/patch1-Closure-120-RSRepair-plausible.patch,overfitting,overfitting
662,overfitting/patch1-Closure-121-Arja-plausible.patch,overfitting,overfitting
663,overfitting/patch1-Closure-121-RSRepair-plausible.patch,overfitting,overfitting
664,overfitting/patch1-Closure-122-Kali-plausible.patch,overfitting,overfitting
665,overfitting/patch1-Closure-123-SequenceR-plausible.patch,overfitting,overfitting
666,overfitting/patch1-Closure-124-Arja-plausible.patch,overfitting,overfitting
667,overfitting/patch1-Closure-124-GenProg-plausible.patch,overfitting,overfitting
668,overfitting/patch1-Closure-124-Kali-plausible.patch,overfitting,overfitting
669,overfitting/patch1-Closure-124-RSRepair-plausible.patch,overfitting,overfitting
670,overfitting/patch1-Closure-125-Arja-plausible.patch,overfitting,overfitting
671,overfitting/patch1-Closure-125-Kali-plausible.patch,overfitting,correct
672,overfitting/patch1-Closure-126-AVATAR-plausible.patch,overfitting,overfitting
673,overfitting/patch1-Closure-126-SimFix-plausible.patch,overfitting,overfitting
674,overfitting/patch1-Closure-126-TBar-plausible.patch,overfitting,overfitting
675,overfitting/patch1-Closure-126-jMutRepair-plausible.patch,overfitting,overfitting
676,overfitting/patch1-Closure-126-kPAR-plausible.patch,overfitting,overfitting
677,overfitting/patch1-Closure-127-Kali-plausible.patch,overfitting,overfitting
678,overfitting/patch1-Closure-129-Arja-plausible.patch,overfitting,overfitting
679,overfitting/patch1-Closure-129-FixMiner-plausible.patch,overfitting,overfitting
680,overfitting/patch1-Closure-129-Kali-plausible.patch,overfitting,overfitting
681,overfitting/patch1-Closure-130-Arja-plausible.patch,overfitting,overfitting
682,overfitting/patch1-Closure-130-Kali-plausible.patch,overfitting,overfitting
683,overfitting/patch1-Closure-133-Arja-plausible.patch,overfitting,overfitting
684,overfitting/patch1-Closure-133-TBar-plausible.patch,overfitting,overfitting
685,overfitting/patch1-Closure-14-SimFix-plausible.patch,overfitting,overfitting
686,overfitting/patch1-Closure-18-SequenceR-plausible.patch,overfitting,overfitting
687,overfitting/patch1-Closure-19-FixMiner-plausible.patch,overfitting,overfitting
688,overfitting/patch1-Closure-21-AVATAR-plausible.patch,overfitting,overfitting
689,overfitting/patch1-Closure-21-Arja-plausible.patch,overfitting,overfitting
690,overfitting/patch1-Closure-21-GenProg-plausible.patch,overfitting,overfitting
691,overfitting/patch1-Closure-21-Kali-plausible.patch,overfitting,overfitting
692,overfitting/patch1-Closure-21-RSRepair-plausible.patch,overfitting,overfitting
693,overfitting/patch1-Closure-21-SimFix-plausible.patch,overfitting,overfitting
694,overfitting/patch1-Closure-21-TBar-plausible.patch,overfitting,overfitting
695,overfitting/patch1-Closure-21-jGenProg-plausible.patch,overfitting,overfitting
696,overfitting/patch1-Closure-21-jKali-plausible.patch,overfitting,overfitting
697,overfitting/patch1-Closure-21-jMutRepair-plausible.patch,overfitting,overfitting
698,overfitting/patch1-Closure-22-AVATAR-plausible.patch,overfitting,overfitting
699,overfitting/patch1-Closure-22-Arja-plausible.patch,overfitting,overfitting
700,overfitting/patch1-Closure-22-GenProg-plausible.patch,overfitting,overfitting
701,overfitting/patch1-Closure-22-Kali-plausible.patch,overfitting,overfitting
702,overfitting/patch1-Closure-22-RSRepair-plausible.patch,overfitting,overfitting
703,overfitting/patch1-Closure-22-SimFix-plausible.patch,overfitting,overfitting
704,overfitting/patch1-Closure-22-TBar-plausible.patch,overfitting,overfitting
705,overfitting/patch1-Closure-22-jGenProg-plausible.patch,overfitting,overfitting
706,overfitting/patch1-Closure-22-jKali-plausible.patch,overfitting,overfitting
707,overfitting/patch1-Closure-26-SimFix-plausible.patch,overfitting,overfitting
708,overfitting/patch1-Closure-3-Kali-plausible.patch,overfitting,overfitting
709,overfitting/patch1-Closure-33-Arja-plausible.patch,overfitting,overfitting
710,overfitting/patch1-Closure-33-Jaid-plausible.patch,overfitting,overfitting
711,overfitting/patch1-Closure-33-Kali-plausible.patch,overfitting,overfitting
712,overfitting/patch1-Closure-33-RSRepair-plausible.patch,overfitting,overfitting
713,overfitting/patch1-Closure-35-kPAR-plausible.patch,overfitting,correct
714,overfitting/patch1-Closure-38-SimFix-plausible.patch,overfitting,overfitting
715,overfitting/patch1-Closure-45-AVATAR-plausible.patch,overfitting,overfitting
716,overfitting/patch1-Closure-45-Arja-plausible.patch,overfitting,overfitting
717,overfitting/patch1-Closure-45-jKali-plausible.patch,overfitting,overfitting
718,overfitting/patch1-Closure-46-Arja-plausible.patch,overfitting,overfitting
719,overfitting/patch1-Closure-46-SimFix-plausible.patch,overfitting,overfitting
720,overfitting/patch1-Closure-46-jKali-plausible.patch,overfitting,overfitting
721,overfitting/patch1-Closure-46-kPAR-plausible.patch,overfitting,overfitting
722,overfitting/patch1-Closure-48-AVATAR-plausible.patch,overfitting,overfitting
723,overfitting/patch1-Closure-55-Arja-plausible.patch,overfitting,overfitting
724,overfitting/patch1-Closure-55-GenProg-plausible.patch,overfitting,overfitting
725,overfitting/patch1-Closure-55-Kali-plausible.patch,overfitting,overfitting
726,overfitting/patch1-Closure-55-RSRepair-plausible.patch,overfitting,overfitting
727,overfitting/patch1-Closure-57-SimFix-plausible.patch,overfitting,overfitting
728,overfitting/patch1-Closure-59-Arja-plausible.patch,overfitting,overfitting
729,overfitting/patch1-Closure-59-GenProg-plausible.patch,overfitting,overfitting
730,overfitting/patch1-Closure-59-Kali-plausible.patch,overfitting,overfitting
731,overfitting/patch1-Closure-59-RSRepair-plausible.patch,overfitting,overfitting
732,overfitting/patch1-Closure-61-RSRepair-plausible.patch,overfitting,overfitting
733,overfitting/patch1-Closure-62-Cardumen-plausible.patch,overfitting,overfitting
734,overfitting/patch1-Closure-62-jKali-plausible.patch,overfitting,overfitting
735,overfitting/patch1-Closure-62-kPAR-plausible.patch,overfitting,overfitting
736,overfitting/patch1-Closure-63-Jaid-plausible.patch,overfitting,overfitting
737,overfitting/patch1-Closure-64-Kali-plausible.patch,overfitting,overfitting
738,overfitting/patch1-Closure-66-AVATAR-plausible.patch,overfitting,overfitting
739,overfitting/patch1-Closure-67-Arja-plausible.patch,overfitting,overfitting
740,overfitting/patch1-Closure-67-GenProg-plausible.patch,overfitting,overfitting
741,overfitting/patch1-Closure-67-Kali-plausible.patch,overfitting,overfitting
742,overfitting/patch1-Closure-67-RSRepair-plausible.patch,overfitting,overfitting
743,overfitting/patch1-Closure-68-Arja-plausible.patch,overfitting,overfitting
744,overfitting/patch1-Closure-68-Kali-plausible.patch,overfitting,overfitting
745,overfitting/patch1-Closure-7-Arja-plausible.patch,overfitting,overfitting
746,overfitting/patch1-Closure-7-Kali-plausible.patch,overfitting,overfitting
747,overfitting/patch1-Closure-73-SequenceR-plausible.patch,overfitting,overfitting
748,overfitting/patch1-Closure-75-Arja-plausible.patch,overfitting,overfitting
749,overfitting/patch1-Closure-75-GenProg-plausible.patch,overfitting,overfitting
750,overfitting/patch1-Closure-75-Kali-plausible.patch,overfitting,overfitting
751,overfitting/patch1-Closure-75-RSRepair-plausible.patch,overfitting,overfitting
752,overfitting/patch1-Closure-76-Kali-plausible.patch,overfitting,overfitting
753,overfitting/patch1-Closure-78-Arja-plausible.patch,overfitting,overfitting
754,overfitting/patch1-Closure-78-GenProg-plausible.patch,overfitting,overfitting
755,overfitting/patch1-Closure-78-Kali-plausible.patch,overfitting,overfitting
756,overfitting/patch1-Closure-78-RSRepair-plausible.patch,overfitting,overfitting
757,overfitting/patch1-Closure-8-Arja-plausible.patch,overfitting,overfitting
758,overfitting/patch1-Closure-93-SequenceR-plausible.patch,overfitting,overfitting
759,overfitting/patch1-Lang-1-SimFix-plausible.patch,overfitting,overfitting
760,overfitting/patch1-Lang-10-SimFix-plausible.patch,overfitting,overfitting
761,overfitting/patch1-Lang-10-kPAR-plausible.patch,overfitting,overfitting
762,overfitting/patch1-Lang-12-SimFix-plausible.patch,overfitting,overfitting
763,overfitting/patch1-Lang-13-AVATAR-plausible.patch,overfitting,overfitting
764,overfitting/patch1-Lang-13-RSRepair-plausible.patch,overfitting,overfitting
765,overfitting/patch1-Lang-16-Arja-plausible.patch,overfitting,overfitting
766,overfitting/patch1-Lang-16-SimFix-plausible.patch,overfitting,overfitting
767,overfitting/patch1-Lang-16-kPAR-plausible.patch,overfitting,overfitting
768,overfitting/patch1-Lang-18-kPAR-plausible.patch,overfitting,overfitting
769,overfitting/patch1-Lang-20-AVATAR-plausible.patch,overfitting,overfitting
770,overfitting/patch1-Lang-20-Arja-plausible.patch,overfitting,overfitting
771,overfitting/patch1-Lang-20-TBar-plausible.patch,overfitting,overfitting
772,overfitting/patch1-Lang-20-kPAR-plausible.patch,overfitting,correct
773,overfitting/patch1-Lang-21-kPAR-plausible.patch,overfitting,overfitting
774,overfitting/patch1-Lang-22-AVATAR-plausible.patch,overfitting,overfitting
775,overfitting/patch1-Lang-22-TBar-plausible.patch,overfitting,overfitting
776,overfitting/patch1-Lang-22-jKali-plausible.patch,overfitting,overfitting
777,overfitting/patch1-Lang-22-jMutRepair-plausible.patch,overfitting,overfitting
778,overfitting/patch1-Lang-24-kPAR-plausible.patch,overfitting,overfitting
779,overfitting/patch1-Lang-27-SimFix-plausible.patch,overfitting,overfitting
780,overfitting/patch1-Lang-27-TBar-plausible.patch,overfitting,overfitting
781,overfitting/patch1-Lang-27-jGenProg-plausible.patch,overfitting,overfitting
782,overfitting/patch1-Lang-27-jKali-plausible.patch,overfitting,overfitting
783,overfitting/patch1-Lang-27-jMutRepair-plausible.patch,overfitting,overfitting
784,overfitting/patch1-Lang-27-kPAR-plausible.patch,overfitting,overfitting
785,overfitting/patch1-Lang-35-ACS-plausible.patch,overfitting,overfitting
786,overfitting/patch1-Lang-39-ACS-plausible.patch,overfitting,overfitting
787,overfitting/patch1-Lang-39-AVATAR-plausible.patch,overfitting,overfitting
788,overfitting/patch1-Lang-39-Nopol2015-plausible.patch,overfitting,overfitting
789,overfitting/patch1-Lang-39-TBar-plausible.patch,overfitting,overfitting
790,overfitting/patch1-Lang-39-jGenProg-plausible.patch,overfitting,overfitting
791,overfitting/patch1-Lang-41-SimFix-plausible.patch,overfitting,overfitting
792,overfitting/patch1-Lang-41-kPAR-plausible.patch,overfitting,overfitting
793,overfitting/patch1-Lang-43-CapGen-plausible.patch,overfitting,overfitting
794,overfitting/patch1-Lang-43-kPAR-plausible.patch,overfitting,correct
795,overfitting/patch1-Lang-44-Nopol-plausible.patch,overfitting,correct
796,overfitting/patch1-Lang-44-Nopol2017-plausible.patch,overfitting,overfitting
797,overfitting/patch1-Lang-44-TBar-plausible.patch,overfitting,overfitting
798,overfitting/patch1-Lang-44-kPAR-plausible.patch,overfitting,overfitting
799,overfitting/patch1-Lang-45-Jaid-plausible.patch,overfitting,overfitting
800,overfitting/patch1-Lang-45-SimFix-plausible.patch,overfitting,overfitting
801,overfitting/patch1-Lang-45-kPAR-plausible.patch,overfitting,overfitting
802,overfitting/patch1-Lang-46-Nopol2015-plausible.patch,overfitting,overfitting
803,overfitting/patch1-Lang-50-SimFix-plausible.patch,overfitting,overfitting
804,overfitting/patch1-Lang-51-AVATAR-plausible.patch,overfitting,overfitting
805,overfitting/patch1-Lang-51-DynaMoth-plausible.patch,overfitting,overfitting
806,overfitting/patch1-Lang-51-Jaid-plausible.patch,overfitting,correct
807,overfitting/patch1-Lang-51-Nopol-plausible.patch,overfitting,overfitting
808,overfitting/patch1-Lang-51-Nopol2015-plausible.patch,overfitting,overfitting
809,overfitting/patch1-Lang-51-TBar-plausible.patch,overfitting,overfitting
810,overfitting/patch1-Lang-51-kPAR-plausible.patch,overfitting,correct
811,overfitting/patch1-Lang-53-Nopol-plausible.patch,overfitting,overfitting
812,overfitting/patch1-Lang-53-Nopol2015-plausible.patch,overfitting,overfitting
813,overfitting/patch1-Lang-53-Nopol2017-plausible.patch,overfitting,overfitting
814,overfitting/patch1-Lang-53-kPAR-plausible.patch,overfitting,overfitting
815,overfitting/patch1-Lang-55-Jaid-plausible.patch,overfitting,overfitting
816,overfitting/patch1-Lang-55-Nopol-plausible.patch,overfitting,overfitting
817,overfitting/patch1-Lang-57-FixMiner-plausible.patch,overfitting,overfitting
818,overfitting/patch1-Lang-58-AVATAR-plausible.patch,overfitting,overfitting
819,overfitting/patch1-Lang-58-Nopol-plausible.patch,overfitting,overfitting
820,overfitting/patch1-Lang-58-Nopol2017-plausible.patch,overfitting,overfitting
821,overfitting/patch1-Lang-58-TBar-plausible.patch,overfitting,correct
822,overfitting/patch1-Lang-58-kPAR-plausible.patch,overfitting,overfitting
823,overfitting/patch1-Lang-59-AVATAR-plausible.patch,overfitting,overfitting
824,overfitting/patch1-Lang-59-CapGen-plausible.patch,overfitting,overfitting
825,overfitting/patch1-Lang-59-kPAR-plausible.patch,overfitting,overfitting
826,overfitting/patch1-Lang-60-TBar-plausible.patch,overfitting,overfitting
827,overfitting/patch1-Lang-61-Jaid-plausible.patch,overfitting,correct
828,overfitting/patch1-Lang-61-SimFix-plausible.patch,overfitting,overfitting
829,overfitting/patch1-Lang-63-AVATAR-plausible.patch,overfitting,overfitting
830,overfitting/patch1-Lang-63-DynaMoth-plausible.patch,overfitting,overfitting
831,overfitting/patch1-Lang-63-FixMiner-plausible.patch,overfitting,overfitting
832,overfitting/patch1-Lang-63-SimFix-plausible.patch,overfitting,overfitting
833,overfitting/patch1-Lang-63-TBar-plausible.patch,overfitting,overfitting
834,overfitting/patch1-Lang-7-Arja-plausible.patch,overfitting,overfitting
835,overfitting/patch1-Lang-7-GenProg-plausible.patch,overfitting,overfitting
836,overfitting/patch1-Lang-7-RSRepair-plausible.patch,overfitting,correct
837,overfitting/patch1-Math-1-SimFix-plausible.patch,overfitting,overfitting
838,overfitting/patch1-Math-103-RSRepair-plausible.patch,overfitting,overfitting
839,overfitting/patch1-Math-104-AVATAR-plausible.patch,overfitting,overfitting
840,overfitting/patch1-Math-104-Nopol2015-plausible.patch,overfitting,overfitting
841,overfitting/patch1-Math-105-DynaMoth-plausible.patch,overfitting,overfitting
842,overfitting/patch1-Math-105-Nopol-plausible.patch,overfitting,overfitting
843,overfitting/patch1-Math-105-Nopol2015-plausible.patch,overfitting,overfitting
844,overfitting/patch1-Math-105-Nopol2017-plausible.patch,overfitting,overfitting
845,overfitting/patch1-Math-15-TBar-plausible.patch,overfitting,overfitting
846,overfitting/patch1-Math-15-kPAR-plausible.patch,overfitting,overfitting
847,overfitting/patch1-Math-18-Nopol-plausible.patch,overfitting,overfitting
848,overfitting/patch1-Math-2-AVATAR-plausible.patch,overfitting,overfitting
849,overfitting/patch1-Math-2-GenProg-plausible.patch,overfitting,overfitting
850,overfitting/patch1-Math-2-Kali-plausible.patch,overfitting,overfitting
851,overfitting/patch1-Math-2-Nopol-plausible.patch,overfitting,overfitting
852,overfitting/patch1-Math-2-Nopol2017-plausible.patch,overfitting,overfitting
853,overfitting/patch1-Math-2-TBar-plausible.patch,overfitting,correct
854,overfitting/patch1-Math-2-jGenProg-plausible.patch,overfitting,overfitting
855,overfitting/patch1-Math-2-jKali-plausible.patch,overfitting,overfitting
856,overfitting/patch1-Math-2-jMutRepair-plausible.patch,overfitting,overfitting
857,overfitting/patch1-Math-2-kPAR-plausible.patch,overfitting,overfitting
858,overfitting/patch1-Math-20-DynaMoth-plausible.patch,overfitting,overfitting
859,overfitting/patch1-Math-20-FixMiner-plausible.patch,overfitting,overfitting
860,overfitting/patch1-Math-20-Nopol-plausible.patch,overfitting,overfitting
861,overfitting/patch1-Math-24-Nopol2017-plausible.patch,overfitting,overfitting
862,overfitting/patch1-Math-28-ACS-plausible.patch,overfitting,overfitting
863,overfitting/patch1-Math-28-Arja-plausible.patch,overfitting,overfitting
864,overfitting/patch1-Math-28-Nopol2017-plausible.patch,overfitting,overfitting
865,overfitting/patch1-Math-28-RSRepair-plausible.patch,overfitting,overfitting
866,overfitting/patch1-Math-28-jGenProg-plausible.patch,overfitting,overfitting
867,overfitting/patch1-Math-28-jKali-plausible.patch,overfitting,overfitting
868,overfitting/patch1-Math-28-jMutRepair-plausible.patch,overfitting,overfitting
869,overfitting/patch1-Math-29-jKali-plausible.patch,overfitting,overfitting
870,overfitting/patch1-Math-31-GenProg-plausible.patch,overfitting,overfitting
871,overfitting/patch1-Math-31-Kali-plausible.patch,overfitting,overfitting
872,overfitting/patch1-Math-32-DynaMoth-plausible.patch,overfitting,overfitting
873,overfitting/patch1-Math-32-Jaid-plausible.patch,overfitting,overfitting
874,overfitting/patch1-Math-32-jKali-plausible.patch,overfitting,overfitting
875,overfitting/patch1-Math-33-Nopol-plausible.patch,overfitting,overfitting
876,overfitting/patch1-Math-33-Nopol2015-plausible.patch,overfitting,correct
877,overfitting/patch1-Math-33-Nopol2017-plausible.patch,overfitting,overfitting
878,overfitting/patch1-Math-33-RSRepair-plausible.patch,overfitting,overfitting
879,overfitting/patch1-Math-33-SketchFix-plausible.patch,overfitting,overfitting
880,overfitting/patch1-Math-39-Nopol2017-plausible.patch,overfitting,overfitting
881,overfitting/patch1-Math-4-ACS-plausible.patch,overfitting,overfitting
882,overfitting/patch1-Math-4-Nopol-plausible.patch,overfitting,overfitting
883,overfitting/patch1-Math-4-Nopol2017-plausible.patch,overfitting,overfitting
884,overfitting/patch1-Math-40-Arja-plausible.patch,overfitting,overfitting
885,overfitting/patch1-Math-40-GenProg-plausible.patch,overfitting,overfitting
886,overfitting/patch1-Math-40-Nopol2017-plausible.patch,overfitting,correct
887,overfitting/patch1-Math-40-RSRepair-plausible.patch,overfitting,overfitting
888,overfitting/patch1-Math-40-jGenProg-plausible.patch,overfitting,overfitting
889,overfitting/patch1-Math-40-jKali-plausible.patch,overfitting,overfitting
890,overfitting/patch1-Math-40-kPAR-plausible.patch,overfitting,overfitting
891,overfitting/patch1-Math-41-DynaMoth-plausible.patch,overfitting,overfitting
892,overfitting/patch1-Math-41-Nopol-plausible.patch,overfitting,overfitting
893,overfitting/patch1-Math-41-Nopol2017-plausible.patch,overfitting,overfitting
894,overfitting/patch1-Math-42-Nopol-plausible.patch,overfitting,overfitting
895,overfitting/patch1-Math-42-Nopol2017-plausible.patch,overfitting,overfitting
896,overfitting/patch1-Math-42-kPAR-plausible.patch,overfitting,overfitting
897,overfitting/patch1-Math-43-SimFix-plausible.patch,overfitting,overfitting
898,overfitting/patch1-Math-43-kPAR-plausible.patch,overfitting,overfitting
899,overfitting/patch1-Math-44-SimFix-plausible.patch,overfitting,overfitting
900,overfitting/patch1-Math-49-AVATAR-plausible.patch,overfitting,overfitting
901,overfitting/patch1-Math-49-DynaMoth-plausible.patch,overfitting,overfitting
902,overfitting/patch1-Math-49-Nopol-plausible.patch,overfitting,overfitting
903,overfitting/patch1-Math-49-Nopol2017-plausible.patch,overfitting,overfitting
904,overfitting/patch1-Math-49-jKali-plausible.patch,overfitting,overfitting
905,overfitting/patch1-Math-5-CapGen-plausible.patch,overfitting,overfitting
906,overfitting/patch1-Math-5-Cardumen-plausible.patch,overfitting,overfitting
907,overfitting/patch1-Math-50-AVATAR-plausible.patch,overfitting,overfitting
908,overfitting/patch1-Math-50-FixMiner-plausible.patch,overfitting,overfitting
909,overfitting/patch1-Math-50-HDRepair-plausible.patch,overfitting,overfitting
910,overfitting/patch1-Math-50-Jaid-plausible.patch,overfitting,overfitting
911,overfitting/patch1-Math-50-Nopol2017-plausible.patch,overfitting,overfitting
912,overfitting/patch1-Math-50-SimFix-plausible.patch,overfitting,overfitting
913,overfitting/patch1-Math-50-TBar-plausible.patch,overfitting,overfitting
914,overfitting/patch1-Math-50-jGenProg-plausible.patch,overfitting,overfitting
915,overfitting/patch1-Math-50-jMutRepair-plausible.patch,overfitting,overfitting
916,overfitting/patch1-Math-52-jMutRepair-plausible.patch,overfitting,overfitting
917,overfitting/patch1-Math-53-HDRepair-plausible.patch,overfitting,overfitting
918,overfitting/patch1-Math-53-Jaid-plausible.patch,overfitting,correct
919,overfitting/patch1-Math-56-Arja-plausible.patch,overfitting,overfitting
920,overfitting/patch1-Math-57-AVATAR-plausible.patch,overfitting,overfitting
921,overfitting/patch1-Math-57-Nopol2015-plausible.patch,overfitting,overfitting
922,overfitting/patch1-Math-57-Nopol2017-plausible.patch,overfitting,overfitting
923,overfitting/patch1-Math-57-jMutRepair-plausible.patch,overfitting,overfitting
924,overfitting/patch1-Math-58-DynaMoth-plausible.patch,overfitting,overfitting
925,overfitting/patch1-Math-58-Nopol-plausible.patch,overfitting,overfitting
926,overfitting/patch1-Math-58-Nopol2015-plausible.patch,overfitting,overfitting
927,overfitting/patch1-Math-58-Nopol2017-plausible.patch,overfitting,overfitting
928,overfitting/patch1-Math-58-RSRepair-plausible.patch,overfitting,correct
929,overfitting/patch1-Math-59-SequenceR-plausible.patch,overfitting,overfitting
930,overfitting/patch1-Math-6-AVATAR-plausible.patch,overfitting,overfitting
931,overfitting/patch1-Math-6-SimFix-plausible.patch,overfitting,overfitting
932,overfitting/patch1-Math-60-jGenProg-plausible.patch,overfitting,overfitting
933,overfitting/patch1-Math-62-AVATAR-plausible.patch,overfitting,overfitting
934,overfitting/patch1-Math-62-kPAR-plausible.patch,overfitting,overfitting
935,overfitting/patch1-Math-63-CapGen-plausible.patch,overfitting,overfitting
936,overfitting/patch1-Math-63-Cardumen-plausible.patch,overfitting,overfitting
937,overfitting/patch1-Math-63-FixMiner-plausible.patch,overfitting,overfitting
938,overfitting/patch1-Math-63-SimFix-plausible.patch,overfitting,overfitting
939,overfitting/patch1-Math-63-TBar-plausible.patch,overfitting,overfitting
940,overfitting/patch1-Math-69-Nopol-plausible.patch,overfitting,overfitting
941,overfitting/patch1-Math-69-Nopol2017-plausible.patch,overfitting,overfitting
942,overfitting/patch1-Math-69-SimFix-plausible.patch,overfitting,overfitting
943,overfitting/patch1-Math-7-Nopol-plausible.patch,overfitting,overfitting
944,overfitting/patch1-Math-7-kPAR-plausible.patch,overfitting,overfitting
945,overfitting/patch1-Math-70-SketchFix-plausible.patch,overfitting,overfitting
946,overfitting/patch1-Math-71-DynaMoth-plausible.patch,overfitting,overfitting
947,overfitting/patch1-Math-71-Nopol2015-plausible.patch,overfitting,overfitting
948,overfitting/patch1-Math-71-jKali-plausible.patch,overfitting,overfitting
949,overfitting/patch1-Math-73-ACS-plausible.patch,overfitting,overfitting
950,overfitting/patch1-Math-73-Cardumen-plausible.patch,overfitting,overfitting
951,overfitting/patch1-Math-73-Nopol-plausible.patch,overfitting,overfitting
952,overfitting/patch1-Math-73-Nopol2015-plausible.patch,overfitting,overfitting
953,overfitting/patch1-Math-73-SimFix-plausible.patch,overfitting,overfitting
954,overfitting/patch1-Math-73-jGenProg-plausible.patch,overfitting,overfitting
955,overfitting/patch1-Math-74-Arja-plausible.patch,overfitting,overfitting
956,overfitting/patch1-Math-78-AVATAR-plausible.patch,overfitting,overfitting
957,overfitting/patch1-Math-78-Nopol-plausible.patch,overfitting,overfitting
958,overfitting/patch1-Math-78-Nopol2015-plausible.patch,overfitting,overfitting
959,overfitting/patch1-Math-78-Nopol2017-plausible.patch,overfitting,overfitting
960,overfitting/patch1-Math-8-DynaMoth-plausible.patch,overfitting,overfitting
961,overfitting/patch1-Math-8-SimFix-plausible.patch,overfitting,overfitting
962,overfitting/patch1-Math-8-TBar-plausible.patch,overfitting,overfitting
963,overfitting/patch1-Math-8-jGenProg-plausible.patch,overfitting,overfitting
964,overfitting/patch1-Math-8-jKali-plausible.patch,overfitting,overfitting
965,overfitting/patch1-Math-8-kPAR-plausible.patch,overfitting,overfitting
966,overfitting/patch1-Math-80-AVATAR-plausible.patch,overfitting,overfitting
967,overfitting/patch1-Math-80-Arja-plausible.patch,overfitting,overfitting
968,overfitting/patch1-Math-80-CapGen-plausible.patch,overfitting,overfitting
969,overfitting/patch1-Math-80-DynaMoth-plausible.patch,overfitting,overfitting
970,overfitting/patch1-Math-80-FixMiner-plausible.patch,overfitting,overfitting
971,overfitting/patch1-Math-80-GenProg-plausible.patch,overfitting,overfitting
972,overfitting/patch1-Math-80-Jaid-plausible.patch,overfitting,overfitting
973,overfitting/patch1-Math-80-Kali-plausible.patch,overfitting,overfitting
974,overfitting/patch1-Math-80-Nopol-plausible.patch,overfitting,overfitting
975,overfitting/patch1-Math-80-Nopol2017-plausible.patch,overfitting,overfitting
976,overfitting/patch1-Math-80-RSRepair-plausible.patch,overfitting,correct
977,overfitting/patch1-Math-80-SequenceR-plausible.patch,overfitting,overfitting
978,overfitting/patch1-Math-80-SimFix-plausible.patch,overfitting,overfitting
979,overfitting/patch1-Math-80-jGenProg-plausible.patch,overfitting,overfitting
980,overfitting/patch1-Math-80-jKali-plausible.patch,overfitting,overfitting
981,overfitting/patch1-Math-80-jMutRepair-plausible.patch,overfitting,overfitting
982,overfitting/patch1-Math-81-ACS-plausible.patch,overfitting,overfitting
983,overfitting/patch1-Math-81-AVATAR-plausible.patch,overfitting,overfitting
984,overfitting/patch1-Math-81-Arja-plausible.patch,overfitting,overfitting
985,overfitting/patch1-Math-81-DynaMoth-plausible.patch,overfitting,overfitting
986,overfitting/patch1-Math-81-FixMiner-plausible.patch,overfitting,overfitting
987,overfitting/patch1-Math-81-GenProg-plausible.patch,overfitting,overfitting
988,overfitting/patch1-Math-81-Kali-plausible.patch,overfitting,overfitting
989,overfitting/patch1-Math-81-Nopol-plausible.patch,overfitting,correct
990,overfitting/patch1-Math-81-Nopol2015-plausible.patch,overfitting,overfitting
991,overfitting/patch1-Math-81-Nopol2017-plausible.patch,overfitting,overfitting
992,overfitting/patch1-Math-81-RSRepair-plausible.patch,overfitting,overfitting
993,overfitting/patch1-Math-81-SimFix-plausible.patch,overfitting,overfitting
994,overfitting/patch1-Math-81-TBar-plausible.patch,overfitting,overfitting
995,overfitting/patch1-Math-81-jGenProg-plausible.patch,overfitting,overfitting
996,overfitting/patch1-Math-81-jKali-plausible.patch,overfitting,overfitting
997,overfitting/patch1-Math-81-jMutRepair-plausible.patch,overfitting,overfitting
998,overfitting/patch1-Math-82-AVATAR-plausible.patch,overfitting,overfitting
999,overfitting/patch1-Math-82-Arja-plausible.patch,overfitting,overfitting
1000,overfitting/patch1-Math-82-DynaMoth-plausible.patch,overfitting,overfitting
1001,overfitting/patch1-Math-82-HDRepair-plausible.patch,overfitting,overfitting
1002,overfitting/patch1-Math-82-Jaid-plausible.patch,overfitting,overfitting
1003,overfitting/patch1-Math-82-Nopol-plausible.patch,overfitting,overfitting
1004,overfitting/patch1-Math-82-Nopol2015-plausible.patch,overfitting,overfitting
1005,overfitting/patch1-Math-82-SimFix-plausible.patch,overfitting,overfitting
1006,overfitting/patch1-Math-82-SketchFix-plausible.patch,overfitting,overfitting
1007,overfitting/patch1-Math-82-TBar-plausible.patch,overfitting,overfitting
1008,overfitting/patch1-Math-82-jGenProg-plausible.patch,overfitting,overfitting
1009,overfitting/patch1-Math-82-kPAR-plausible.patch,overfitting,overfitting
1010,overfitting/patch1-Math-84-AVATAR-plausible.patch,overfitting,overfitting
1011,overfitting/patch1-Math-84-Arja-plausible.patch,overfitting,overfitting
1012,overfitting/patch1-Math-84-Kali-plausible.patch,overfitting,overfitting
1013,overfitting/patch1-Math-84-RSRepair-plausible.patch,overfitting,overfitting
1014,overfitting/patch1-Math-84-SimFix-plausible.patch,overfitting,overfitting
1015,overfitting/patch1-Math-84-TBar-plausible.patch,overfitting,overfitting
1016,overfitting/patch1-Math-84-jGenProg-plausible.patch,overfitting,overfitting
1017,overfitting/patch1-Math-84-jKali-plausible.patch,overfitting,overfitting
1018,overfitting/patch1-Math-85-Arja-plausible.patch,overfitting,overfitting
1019,overfitting/patch1-Math-85-CapGen-plausible.patch,overfitting,overfitting
1020,overfitting/patch1-Math-85-Cardumen-plausible.patch,overfitting,overfitting
1021,overfitting/patch1-Math-85-DynaMoth-plausible.patch,overfitting,overfitting
1022,overfitting/patch1-Math-85-FixMiner-plausible.patch,overfitting,overfitting
1023,overfitting/patch1-Math-85-GenProg-plausible.patch,overfitting,overfitting
1024,overfitting/patch1-Math-85-HDRepair-plausible.patch,overfitting,correct
1025,overfitting/patch1-Math-85-Jaid-plausible.patch,overfitting,overfitting
1026,overfitting/patch1-Math-85-Nopol2015-plausible.patch,overfitting,overfitting
1027,overfitting/patch1-Math-85-Nopol2017-plausible.patch,overfitting,overfitting
1028,overfitting/patch1-Math-85-RSRepair-plausible.patch,overfitting,overfitting
1029,overfitting/patch1-Math-85-SimFix-plausible.patch,overfitting,overfitting
1030,overfitting/patch1-Math-85-jGenProg-plausible.patch,overfitting,overfitting
1031,overfitting/patch1-Math-87-Nopol-plausible.patch,overfitting,overfitting
1032,overfitting/patch1-Math-87-Nopol2015-plausible.patch,overfitting,overfitting
1033,overfitting/patch1-Math-87-Nopol2017-plausible.patch,overfitting,overfitting
1034,overfitting/patch1-Math-88-AVATAR-plausible.patch,overfitting,overfitting
1035,overfitting/patch1-Math-88-Nopol2015-plausible.patch,overfitting,overfitting
1036,overfitting/patch1-Math-88-Nopol2017-plausible.patch,overfitting,overfitting
1037,overfitting/patch1-Math-88-SimFix-plausible.patch,overfitting,overfitting
1038,overfitting/patch1-Math-88-TBar-plausible.patch,overfitting,correct
1039,overfitting/patch1-Math-93-ACS-plausible.patch,overfitting,overfitting
1040,overfitting/patch1-Math-95-AVATAR-plausible.patch,overfitting,overfitting
1041,overfitting/patch1-Math-95-Arja-plausible.patch,overfitting,overfitting
1042,overfitting/patch1-Math-95-Cardumen-plausible.patch,overfitting,overfitting
1043,overfitting/patch1-Math-95-GenProg-plausible.patch,overfitting,overfitting
1044,overfitting/patch1-Math-95-Kali-plausible.patch,overfitting,overfitting
1045,overfitting/patch1-Math-95-RSRepair-plausible.patch,overfitting,overfitting
1046,overfitting/patch1-Math-95-TBar-plausible.patch,overfitting,correct
1047,overfitting/patch1-Math-95-jGenProg-plausible.patch,overfitting,overfitting
1048,overfitting/patch1-Math-95-jKali-plausible.patch,overfitting,overfitting
1049,overfitting/patch1-Math-96-TBar-plausible.patch,overfitting,overfitting
1050,overfitting/patch1-Math-97-ACS-plausible.patch,overfitting,overfitting
1051,overfitting/patch1-Math-97-Nopol2015-plausible.patch,overfitting,overfitting
1052,overfitting/patch1-Time-11-DynaMoth-plausible.patch,overfitting,overfitting
1053,overfitting/patch1-Time-11-FixMiner-plausible.patch,overfitting,overfitting
1054,overfitting/patch1-Time-11-Nopol2015-plausible.patch,overfitting,overfitting
1055,overfitting/patch1-Time-11-Nopol2017-plausible.patch,overfitting,overfitting
1056,overfitting/patch1-Time-11-jGenProg-plausible.patch,overfitting,overfitting
1057,overfitting/patch1-Time-12-Nopol2017-plausible.patch,overfitting,overfitting
1058,overfitting/patch1-Time-14-Nopol-plausible.patch,overfitting,overfitting
1059,overfitting/patch1-Time-14-Nopol2017-plausible.patch,overfitting,overfitting
1060,overfitting/patch1-Time-17-kPAR-plausible.patch,overfitting,overfitting
1061,overfitting/patch1-Time-18-Nopol2017-plausible.patch,overfitting,correct
1062,overfitting/patch1-Time-19-Nopol2017-plausible.patch,overfitting,overfitting
1063,overfitting/patch1-Time-4-Nopol2017-plausible.patch,overfitting,overfitting
1064,overfitting/patch1-Time-4-jGenProg-plausible.patch,overfitting,overfitting
1065,overfitting/patch1-Time-4-jKali-plausible.patch,overfitting,overfitting
1066,overfitting/patch1-Time-7-Nopol2017-plausible.patch,overfitting,overfitting
1067,overfitting/patch10-Closure-93-SequenceR-plausible.patch,overfitting,overfitting
1068,overfitting/patch10-Lang-59-CapGen-plausible.patch,overfitting,overfitting
1069,overfitting/patch10-Math-80-CapGen-plausible.patch,overfitting,overfitting
1070,overfitting/patch10-Math-85-SequenceR-plausible.patch,overfitting,overfitting
1071,overfitting/patch11-Lang-59-CapGen-plausible.patch,overfitting,overfitting
1072,overfitting/patch11-Math-85-SequenceR-plausible.patch,overfitting,overfitting
1073,overfitting/patch12-Lang-59-CapGen-plausible.patch,overfitting,overfitting
1074,overfitting/patch12-Math-85-SequenceR-plausible.patch,overfitting,correct
1075,overfitting/patch13-Lang-59-CapGen-plausible.patch,overfitting,overfitting
1076,overfitting/patch13-Math-85-SequenceR-plausible.patch,overfitting,overfitting
1077,overfitting/patch14-Math-85-SequenceR-plausible.patch,overfitting,overfitting
1078,overfitting/patch15-Math-85-SequenceR-plausible.patch,overfitting,overfitting
1079,overfitting/patch16-Math-85-SequenceR-plausible.patch,overfitting,overfitting
1080,overfitting/patch17-Math-85-SequenceR-plausible.patch,overfitting,overfitting
1081,overfitting/patch2-Chart-1-Jaid-plausible.patch,overfitting,correct
1082,overfitting/patch2-Chart-1-SequenceR-plausible.patch,overfitting,overfitting
1083,overfitting/patch2-Chart-1-SketchFix-plausible.patch,overfitting,overfitting
1084,overfitting/patch2-Chart-13-jGenProg-plausible.patch,overfitting,correct
1085,overfitting/patch2-Chart-13-jKali-plausible.patch,overfitting,overfitting
1086,overfitting/patch2-Chart-25-jGenProg-plausible.patch,overfitting,overfitting
1087,overfitting/patch2-Chart-26-Jaid-plausible.patch,overfitting,overfitting
1088,overfitting/patch2-Chart-5-jGenProg-plausible.patch,overfitting,overfitting
1089,overfitting/patch2-Chart-5-jKali-plausible.patch,overfitting,overfitting
1090,overfitting/patch2-Chart-9-Jaid-plausible.patch,overfitting,overfitting
1091,overfitting/patch2-Closure-33-Jaid-plausible.patch,overfitting,overfitting
1092,overfitting/patch2-Closure-38-SequenceR-plausible.patch,overfitting,overfitting
1093,overfitting/patch2-Closure-86-SequenceR-plausible.patch,overfitting,overfitting
1094,overfitting/patch2-Closure-93-SequenceR-plausible.patch,overfitting,overfitting
1095,overfitting/patch2-Lang-43-CapGen-plausible.patch,overfitting,overfitting
1096,overfitting/patch2-Lang-45-Jaid-plausible.patch,overfitting,overfitting
1097,overfitting/patch2-Lang-51-Jaid-plausible.patch,overfitting,overfitting
1098,overfitting/patch2-Lang-55-Jaid-plausible.patch,overfitting,overfitting
1099,overfitting/patch2-Lang-59-CapGen-plausible.patch,overfitting,overfitting
1100,overfitting/patch2-Lang-6-SequenceR-plausible.patch,overfitting,overfitting
1101,overfitting/patch2-Lang-61-Jaid-plausible.patch,overfitting,overfitting
1102,overfitting/patch2-Math-2-SOFix-plausible.patch,overfitting,overfitting
1103,overfitting/patch2-Math-2-jKali-plausible.patch,overfitting,overfitting
1104,overfitting/patch2-Math-32-jKali-plausible.patch,overfitting,overfitting
1105,overfitting/patch2-Math-5-CapGen-plausible.patch,overfitting,correct
1106,overfitting/patch2-Math-53-CapGen-plausible.patch,overfitting,overfitting
1107,overfitting/patch2-Math-53-Jaid-plausible.patch,overfitting,overfitting
1108,overfitting/patch2-Math-63-CapGen-plausible.patch,overfitting,overfitting
1109,overfitting/patch2-Math-70-SketchFix-plausible.patch,overfitting,overfitting
1110,overfitting/patch2-Math-8-jGenProg-plausible.patch,overfitting,overfitting
1111,overfitting/patch2-Math-80-CapGen-plausible.patch,overfitting,overfitting
1112,overfitting/patch2-Math-80-Jaid-plausible.patch,overfitting,overfitting
1113,overfitting/patch2-Math-81-ACS-plausible.patch,overfitting,overfitting
1114,overfitting/patch2-Math-81-jGenProg-plausible.patch,overfitting,overfitting
1115,overfitting/patch2-Math-82-Jaid-plausible.patch,overfitting,overfitting
1116,overfitting/patch2-Math-82-SketchFix-plausible.patch,overfitting,overfitting
1117,overfitting/patch2-Math-84-jGenProg-plausible.patch,overfitting,overfitting
1118,overfitting/patch2-Math-85-CapGen-plausible.patch,overfitting,overfitting
1119,overfitting/patch2-Math-85-Jaid-plausible.patch,overfitting,overfitting
1120,overfitting/patch2-Math-85-SequenceR-plausible.patch,overfitting,overfitting
1121,overfitting/patch2-Math-95-jGenProg-plausible.patch,overfitting,overfitting
1122,overfitting/patch2-Math-97-ACS-plausible.patch,overfitting,overfitting
1123,overfitting/patch3-Chart-1-Jaid-plausible.patch,overfitting,correct
1124,overfitting/patch3-Chart-1-SequenceR-plausible.patch,overfitting,overfitting
1125,overfitting/patch3-Chart-9-Jaid-plausible.patch,overfitting,overfitting
1126,overfitting/patch3-Closure-18-SequenceR-plausible.patch,overfitting,overfitting
1127,overfitting/patch3-Closure-38-SequenceR-plausible.patch,overfitting,overfitting
1128,overfitting/patch3-Closure-86-SequenceR-plausible.patch,overfitting,overfitting
1129,overfitting/patch3-Closure-93-SequenceR-plausible.patch,overfitting,overfitting
1130,overfitting/patch3-Lang-43-CapGen-plausible.patch,overfitting,overfitting
1131,overfitting/patch3-Lang-51-Jaid-plausible.patch,overfitting,overfitting
1132,overfitting/patch3-Lang-55-Jaid-plausible.patch,overfitting,overfitting
1133,overfitting/patch3-Lang-59-CapGen-plausible.patch,overfitting,overfitting
1134,overfitting/patch3-Math-5-CapGen-plausible.patch,overfitting,overfitting
1135,overfitting/patch3-Math-50-Jaid-plausible.patch,overfitting,overfitting
1136,overfitting/patch3-Math-53-Jaid-plausible.patch,overfitting,overfitting
1137,overfitting/patch3-Math-63-CapGen-plausible.patch,overfitting,overfitting
1138,overfitting/patch3-Math-80-CapGen-plausible.patch,overfitting,overfitting
1139,overfitting/patch3-Math-80-Jaid-plausible.patch,overfitting,overfitting
1140,overfitting/patch3-Math-82-Jaid-plausible.patch,overfitting,overfitting
1141,overfitting/patch3-Math-82-SequenceR-plausible.patch,overfitting,overfitting
1142,overfitting/patch3-Math-85-CapGen-plausible.patch,overfitting,overfitting
1143,overfitting/patch3-Math-85-Jaid-plausible.patch,overfitting,overfitting
1144,overfitting/patch3-Math-85-SequenceR-plausible.patch,overfitting,overfitting
1145,overfitting/patch4-Chart-1-SequenceR-plausible.patch,overfitting,overfitting
1146,overfitting/patch4-Closure-18-SequenceR-plausible.patch,overfitting,overfitting
1147,overfitting/patch4-Closure-86-SequenceR-plausible.patch,overfitting,overfitting
1148,overfitting/patch4-Closure-93-SequenceR-plausible.patch,overfitting,overfitting
1149,overfitting/patch4-Lang-51-Jaid-plausible.patch,overfitting,overfitting
1150,overfitting/patch4-Lang-59-CapGen-plausible.patch,overfitting,overfitting
1151,overfitting/patch4-Math-53-Jaid-plausible.patch,overfitting,overfitting
1152,overfitting/patch4-Math-63-CapGen-plausible.patch,overfitting,overfitting
1153,overfitting/patch4-Math-80-CapGen-plausible.patch,overfitting,overfitting
1154,overfitting/patch4-Math-82-Jaid-plausible.patch,overfitting,overfitting
1155,overfitting/patch4-Math-85-Jaid-plausible.patch,overfitting,overfitting
1156,overfitting/patch4-Math-85-SequenceR-plausible.patch,overfitting,overfitting
1157,overfitting/patch5-Closure-18-SequenceR-plausible.patch,overfitting,overfitting
1158,overfitting/patch5-Closure-86-SequenceR-plausible.patch,overfitting,overfitting
1159,overfitting/patch5-Closure-93-SequenceR-plausible.patch,overfitting,overfitting
1160,overfitting/patch5-Lang-59-CapGen-plausible.patch,overfitting,overfitting
1161,overfitting/patch5-Math-63-CapGen-plausible.patch,overfitting,overfitting
1162,overfitting/patch5-Math-80-CapGen-plausible.patch,overfitting,overfitting
1163,overfitting/patch5-Math-85-SequenceR-plausible.patch,overfitting,overfitting
1164,overfitting/patch6-Closure-93-SequenceR-plausible.patch,overfitting,overfitting
1165,overfitting/patch6-Lang-59-CapGen-plausible.patch,overfitting,overfitting
1166,overfitting/patch6-Math-63-CapGen-plausible.patch,overfitting,overfitting
1167,overfitting/patch6-Math-80-CapGen-plausible.patch,overfitting,overfitting
1168,overfitting/patch6-Math-85-SequenceR-plausible.patch,overfitting,overfitting
1169,overfitting/patch7-Closure-92-SequenceR-plausible.patch,overfitting,overfitting
1170,overfitting/patch7-Lang-59-CapGen-plausible.patch,overfitting,overfitting
1171,overfitting/patch7-Math-63-CapGen-plausible.patch,overfitting,overfitting
1172,overfitting/patch7-Math-80-CapGen-plausible.patch,overfitting,overfitting
1173,overfitting/patch7-Math-85-SequenceR-plausible.patch,overfitting,correct
1174,overfitting/patch8-Closure-93-SequenceR-plausible.patch,overfitting,overfitting
1175,overfitting/patch8-Lang-59-CapGen-plausible.patch,overfitting,overfitting
1176,overfitting/patch8-Math-63-CapGen-plausible.patch,overfitting,overfitting
1177,overfitting/patch8-Math-80-CapGen-plausible.patch,overfitting,overfitting
1178,overfitting/patch8-Math-85-SequenceR-plausible.patch,overfitting,overfitting
1179,overfitting/patch9-Closure-93-SequenceR-plausible.patch,overfitting,overfitting
1180,overfitting/patch9-Lang-59-CapGen-plausible.patch,overfitting,overfitting
1181,overfitting/patch9-Math-80-CapGen-plausible.patch,overfitting,overfitting
1182,overfitting/patch9-Math-85-SequenceR-plausible.patch,overfitting,overfitting
